"","x"
"1","AGGCAACG-GCATGGGT"
"2","AACGCAGAG-TTGTCGCC"
"3","AGGGAAGGT-ATTTCCGG"
"4","ACTTCAAT-TAGCCTCG"
"5","GACGCTAGTC-ATCCCACG"
"6","ACGTGGATA-TTAGTCCG"
"7","AACGCAGAG-GGTTAGTG"
"8","ACTACTTGT-GAATTCGT"
"9","TGCGTATC-ATGAAGCA"
"10","AGGGAAGGT-AAAGTCGG"
"11","ATAGTCGCA-ATGTTGGC"
"12","TACAGCCG-ATATAGGA"
"13","ATTTATCAC-CGAGATGT"
"14","TGATGTGGCTA-GGTTTCTC"
"15","TACCGGCA-TCGACGGT"
"16","AATATCTTC-ATGGATTA"
"17","AAAATCGTT-TCTGCATC"
"18","TGAGACAACTT-CGGAATTT"
"19","AATGTTGGC-GGGTGTAT"
"20","AAAGTAATC-ACGCCATT"
"21","GAAGGCAGTT-GCAAGGAC"
"22","TGATCGACGGT-TCGACGGT"
"23","ATCGGTTCG-GGGCCAAT"
"24","ATTGGATCG-GGGTTGGT"
"25","GATTTAACAG-GTTACGAT"
"26","TGAATGACCGA-AATTCCCA"
"27","ATTGGATCG-TACAAACT"
"28","AAATCGGGT-AGATGGCT"
"29","GAATGGAAAT-GATTGCGA"
"30","AGTCAATAC-GAGCGGTA"
"31","GATGTGAG-GTCGTCGT"
"32","TACAGCCG-GGAATAGA"
"33","ATAGTCGCA-GGGAGGTA"
"34","TGAAGGAGCTT-GGAGAAGC"
"35","AAGTGAAAG-TTTATCAC"
"36","TGAAACACACG-CAACAAAT"
"37","TGAATGACCGA-CCCAAGCA"
"38","TTGGACTT-TGGCCTGT"
"39","GAACAGCGGA-GAGAATTG"
"40","AAAATCGTT-ACTTCAAT"
"41","TACAGCCG-TTAAGCGT"
"42","AAAATCGTT-AATGTTTG"
"43","ATTGGATCG-TAAGACGG"
"44","TGGCTACC-GTGGAGCT"
"45","AACTCACCG-TAAGACGG"
"46","TGATGTTTGAG-GTCAAAGA"
"47","GATCGGTTTA-GTCAATAC"
"48","TGACACAACAG-TTCCAGAC"
"49","AAAACTCGA-TACCAGGC"
"50","ATCATGAGG-GAGGCTGA"
"51","GAAGTTTAGA-AACAATCC"
"52","TGAAGCGCGAT-CTGCGTTG"
"53","ACTGCGTTG-TTTGTGTC"
"54","TGATCGTCATG-TTTGGGAG"
"55","AGAAGTCC-AATCGGGT"
"56","GATGTGAG-GACAACTT"
"57","TGATTGCACGC-AAACTGGT"
"58","CTTCGATT-CTAGACCC"
"59","TGAGGTCTGAC-GTGTAACC"
"60","AACTGAGTT-GGGAAGGT"
"61","GAGAAGGCTT-GGGAGGTA"
"62","ACTTAGGTA-AAATGTCG"
"63","TGGTATGA-GTCCAAAG"
"64","AGTGTCGGA-AATCGGGT"
"65","TGAGGCGGTTT-TGGAGGAG"
"66","AGGTCACAG-CTTCTTCG"
"67","ATTTATCAC-GGGAGGTA"
"68","AACTTAGC-GGTCTGAC"
"69","TGATCGTCATG-GGGAGGTA"
"70","GGAGAAGC-GGGTTGGT"
"71","GATTGGCGTT-CCTATTCA"
"72","AGCAAAGCC-TGGAGGAG"
"73","AGTGTCGGA-CCACATTA"
"74","GGATAAAG-CCAACCGT"
"75","AAGTGAAAG-GGCTACTA"
"76","GATGACGGAC-GTTACCGC"
"77","AATTCCCA-TAAATAGG"
"78","GATGGAGGAG-GGAAACAG"
"79","GTGTAACC-AGAGGTGG"
"80","GATGAAATGA-GTATGAGT"
"81","TGATCCCTGAT-CAACGTGG"
"82","GATGCCATCG-ATGACCGA"
"83","TGAGAGGCTGA-GTTGCACG"
"84","TGCTATTT-GGGAACCT"
"85","GAGTTTCG-AGCGCGAT"
"86","GAGTTTCG-GTAATCCC"
"87","GTTCAACT-AAACTCGA"
"88","TGATGATAACA-AAATCGTT"
"89","GAACAGCGGA-TTTATCAC"
"90","ACTTAGGTA-CTCGATGC"
"91","GTTTGTTT-AGAACGGG"
"92","GATAGTGTTT-AGAGGTGG"
"93","ATTAGGACC-AAAGCCTA"
"94","GATCGGTTTA-CGACGTCA"
"95","GACTGTCTGG-CTATAGAG"
"96","ATTTGGGAG-AGAAGTCC"
"97","ACGGACAAC-GGGAAATC"
"98","CGTATTTC-CGACTCCT"
"99","GAGCGTTGCT-ATCCCACG"
"100","ACTCCGCAT-GGTCTGAC"
"101","AATATCTTC-TCGGTTTA"
"102","AATCCCACG-GGCCTAAG"
"103","GACTGTCTGG-TGTGGCTA"
"104","TGAGGGAAATC-CCGTGTTT"
"105","TTGGACTT-GTGTCGGA"
"106","GATGTACACG-CTCGCGTA"
"107","ATCTAGCAG-TGCGTATC"
"108","TGATAGAAATG-TACCAGGC"
"109","AACTGAGTT-CTAGTAAC"
"110","AATACTCTT-GTAATCCC"
"111","TGAAGAAGTTA-CAATACTT"
"112","GACCCTTCAG-ATATAGGA"
"113","AAAGGTAAT-AAACTCGA"
"114","GATCCGTCCA-GATTTACC"
"115","ATAGTGGAC-ACTAGCCA"
"116","ACCCGACTT-TGTTTGAG"
"117","AAAGTAATC-TTCGGCCT"
"118","AAGCTATGA-CTTCAGGT"
"119","TGAATACCCAG-ACCCACGA"
"120","TGAAGAAGTTA-TACCAGGC"
"121","TGAGACAAAGG-GGGAACGA"
"122","GAATCAAGTG-GTCCAAAG"
"123","AGCACCTCT-AAACGCCT"
"124","ACAGATTAC-CGCTAATA"
"125","GCTCTAGT-GAACGATT"
"126","GCAGTCGA-CTGCGTTG"
"127","ACGTGGATA-TAGTCGCA"
"128","AACCCATAT-ATATGCAT"
"129","GAGAGAATTG-GGATAAAG"
"130","GACGTACCTA-GGAAACAG"
"131","TGATGATAACA-ATTCCTTG"
"132","ACAGATTAC-AAACCTCC"
"133","TGATGATAACA-CTTCGATT"
"134","GACATTTGTT-CGTGGATA"
"135","TGAGCAGGGTA-GGTTTCTC"
"136","TGATTGCACGC-TTGGCGTT"
"137","ATTTATCAC-ATCAGCGC"
"138","TGACACAAGGC-AAAGTCGG"
"139","TGACTACGAGC-GTCCATGT"
"140","ACGTGCTAG-TAAATAGG"
"141","GACCTACTAG-CAACGTGG"
"142","AAATCAGA-TCCAGGGA"
"143","GATCCCAATC-GTGTCGGA"
"144","AATGGATTA-GTACACTC"
"145","AACTGAGTT-CGGACAAC"
"146","GAGAATTCGT-ATTTCCGG"
"147","AATGTTTG-CTAGATTG"
"148","GCAGTCGA-GAAGGCTT"
"149","AAAAGCCTA-ATGACTTT"
"150","AACGAAACG-GCAAAGCC"
"151","ATTCGTTCC-AGCACCAC"
"152","AGGTCACAG-AAACAGGG"
"153","AAGCTATGA-AGAAGTTA"
"154","TGACTAGTAAC-TCTGCATC"
"155","TGATCCCGTAG-TCTAGCAG"
"156","GATGGAGGAG-ATCAAGTG"
"157","TGATCGTCATG-GGAGAAGC"
"158","AGAGACTA-AATCGGGT"
"159","TGGTATGA-CCCGAATG"
"160","TGAACATCTAT-ATACTCTT"
"161","GATGAAATGA-ACGGTAGC"
"162","TGACAACAAAT-GAACGATT"
"163","TGAGAGGCTGA-TTCACATA"
"164","AAAACTCGA-AAATCGTT"
"165","TGAAACACACG-CAGACCAT"
"166","TGAACGCTCAG-TGGCCTGT"
"167","GACCCGAATG-GCCTCTTT"
"168","TTTGTGTC-TTCGCTGG"
"169","AAATCAGA-GCAGGGTA"
"170","AAGTGAAAG-ACGTATAC"
"171","ATCACGTTT-ATACCCAG"
"172","GACGAATAAT-CCTGTTAT"
"173","AAGCTATGA-TGCCATCG"
"174","ATAGTCGCA-GAATTCGT"
"175","TGCGTATC-ACCACGCT"
"176","TACAGCCG-CTTACGGG"
"177","ATCTGCATC-ACTCACCG"
"178","TGATCGACACC-GTGGAGCT"
"179","GACACGGACT-TCATGAGG"
"180","TGGTATGA-ATGCGGAT"
"181","TGATCCCGTAG-CACTCCTC"
"182","GATGTTCCAG-CACAACAG"
"183","AAAACTCGA-CATACATT"
"184","TGAATTCGACG-GCTTACCT"
"185","AATATACCT-CGATTGAT"
"186","CTTTAATC-GAGCGGTA"
"187","AAGCTACGG-TGATGCCC"
"188","TGAGGTCTGAC-AGACACCA"
"189","GATTTAACAG-GCTTACCT"
"190","GGAAACAG-CGTGCTAG"
"191","TGATAGAAATG-AAACCTCC"
"192","TGACCAGT-AGGAAGAC"
"193","AGAACGATT-AGCGCGAT"
"194","AATGGATTA-TCTAGCAG"
"195","GATGTTCCAG-GTCCGTAC"
"196","GACCTGACAC-GTGGAGCT"
"197","GACCTACTAG-GACGATGG"
"198","CAGTTTGC-CGCTAGTC"
"199","ACCGTGTTT-GGGAGGTA"
"200","AAGAACGGG-CTAGACCC"
"201","CGGCTTAC-GGGAAGGT"
"202","GACCTATTCA-GGGCCAAT"
"203","GATTAAACTG-GATGTATT"
"204","GATGTTCCAG-TTTATCAC"
"205","ATATGCAT-TGACCAGT"
"206","GAGGACTTCC-AACCCTTG"
"207","TCATCCTT-AGGAAGAC"
"208","TGAATTCGACG-TGCGACAG"
"209","GATGGGATTC-GGTCACAG"
"210","GAGATCTCGG-GGATAAAG"
"211","CAGTTTGC-GTCAATAC"
"212","GAATGGAAAT-CTACTTGT"
"213","TACTTGTG-TAAATAGG"
"214","TGATGTCTTTC-TGGCTACC"
"215","GAATTGGGCC-CAGATTAC"
"216","ATCCGCTA-GTTGCACG"
"217","GACGAATAAT-GAAAGACC"
"218","TGACCAGT-CCATTACT"
"219","TGAAACAATCC-GTGGAGCT"
"220","AAATCAGA-CTCGCGTA"
"221","GAGACGATGG-ATACCCAG"
"222","TACTTGTG-TCATGAGG"
"223","ATAGTGGAC-CGAACGTA"
"224","TGCGACAG-AGCTATGA"
"225","GTACCTTG-CAACGTGG"
"226","GACGCTAGTC-AGGTTGTG"
"227","ATGCTCCGT-GGCCTAAG"
"228","AGGGCCAAT-TCATATGG"
"229","GACCTGACAC-CATCTCCC"
"230","AGATGTATT-CAGGTGTC"
"231","AATGTTGGC-CTGGTGCA"
"232","TGACACAACAG-GTACACTC"
"233","CCCATCTG-TCGACACC"
"234","GACGTACCTA-ACAGCGGA"
"235","TGATCGTCATG-CGTGGATA"
"236","TGAATGACTTT-TTAGTCCG"
"237","AGGGCCAAT-CCCATCTG"
"238","TGATTGCACGC-TGGGATTC"
"239","GACCTATTCA-AGGATTCA"
"240","TGATAACCCGT-GAGTTTCG"
"241","GAACTAGGAT-GCGTTGCT"
"242","TCCAGGGA-GAGGCTGA"
"243","TTTGTGTC-CTACTTGT"
"244","ATCTGCATC-ACGCTCAG"
"245","TGAGCAGGGTA-GGAAACAG"
"246","TTCGGCCT-CTAGATTG"
"247","TGAAAACAGGG-CAATACTT"
"248","AATGTTTG-CGAATAAT"
"249","GAGATCTCGG-CTTACGGG"
"250","CCAACCGT-TCCCTGAT"
"251","GTAACGTT-CAGGTGTC"
"252","GAATGGAAAT-GAGAGTAT"
"253","ACCGCAACT-CGTATTTC"
"254","AGCCTCTTT-AGGATTCA"
"255","GCAGCATG-GCCTCTTT"
"256","ACAGATTAC-GGAGAAGC"
"257","GAACTGCCGT-CCGCTGTT"
"258","TGAGGGAAATC-TAGTGTTT"
"259","TGAAGAAGTTA-TCGACGGT"
"260","TGAAAACAGGG-CGACTCCT"
"261","TGACACAACAG-TTGGACTT"
"262","ACCTTCTT-TTTAACAG"
"263","TGAGTAATCCC-ACCCATAT"
"264","TACCGGCA-CTAGACCC"
"265","GCAGTCGA-TGACCCTC"
"266","AGGGTGTAT-CGTATCGG"
"267","GAACCACGCT-GGTGGGAT"
"268","AGCACCAC-AATGACCC"
"269","TGAATATAGGA-AGCTATGA"
"270","TGAAGGTTGTG-ATATGCAT"
"271","GACGTACCTA-TTCGTTCC"
"272","TGAAAACTGGT-TGATAACA"
"273","GATCCCAATC-ACATCTAT"
"274","GACCTACTAG-TTTAACAG"
"275","ACAGGTGTC-CGCTAATA"
"276","ACCCTTGGT-GGAGAAGC"
"277","GGGTTGGT-TTGTCGCC"
"278","TGGCTACC-CCCAAGCA"
"279","GGAGAAGC-CGCTAGTC"
"280","ACGTATAC-AAAGTCGG"
"281","GCAGCATG-ATATACCT"
"282","TGCGACAG-AAATCGTT"
"283","GTGTAACC-TTTGTGTC"
"284","AAAATCGTT-CACTCCTC"
"285","AATATCTTC-GATCGTTT"
"286","GATGTGCTCA-TTCACATA"
"287","GATCGTTT-GAAGTGCC"
"288","TGATCACCGAG-CCTGACAC"
"289","GACGAGATGT-CGAACGTA"
"290","GACGCCTTGA-CTACCGTT"
"291","GGTGGGAT-TCACGTTT"
"292","GTTTGTTT-TCGGTTTA"
"293","ACTTAGGTA-GATTTACC"
"294","CCGCTGTT-CGGCACAT"
"295","GACGCCTTGA-GTTACGAT"
"296","TGATCCCTGAT-TCTCACTT"
"297","ATCTTTGT-TTCGCTGG"
"298","TGATCCAGTCC-CACAAGGC"
"299","GACACGGACT-TGACCCTC"
"300","TGATGCCC-ATCTTTGT"
"301","ATTGGATCG-ATGACCGA"
"302","GAGAGCCCAT-AAAGTCGG"
"303","GATGACCCTC-TGTGTCCT"
"304","TGACGGGTAGT-AGCGAAGT"
"305","TTATAGCC-GGATAAAG"
"306","ATAGTCGCA-AGAGACTA"
"307","TGCGACAG-TATTGCCT"
"308","TGATCGACACC-GTAATCCC"
"309","GAAAGATTGT-TTAGTCCG"
"310","AGAACGATT-CGATTGAT"
"311","ACTGAGTGC-CAGATTAC"
"312","CAGTTTGC-CGAACGTA"
"313","GAGGTCCCTT-GGCCCTTA"
"314","TGACACAACAG-TGCCATCG"
"315","TGAAGCGCGAT-TCACCGAG"
"316","TGACTTCGCAC-TGGTTTCT"
"317","TTGGACTT-CCGCAACT"
"318","TGGCTACC-TGGCTACC"
"319","CCCATCTG-ACTCACCG"
"320","TGAGGTTTCTC-TAGTGGAC"
"321","GATGGTTTCT-ATGAAGCA"
"322","GACCTATTCA-TGCCTCAC"
"323","GACGTACCTA-CGGCACAT"
"324","AGCCTCTTT-AAAGTCGG"
"325","ATCAGCGC-TACAGCCG"
"326","GATACAAACT-GATGTATT"
"327","AGAGACTA-GGAATAGA"
"328","AGGCCTAAG-GAGGCTGA"
"329","GACTTCTTCG-GTGGATGG"
"330","TGAATTCGACG-GCCACATC"
"331","GAACCACGCT-AGTTTAGA"
"332","GAGAATACGC-GTGGAGCT"
"333","ACAGATTAC-CTTACTCC"
"334","GAGGACTTCC-AGGCAGTT"
"335","ACCATTTGA-CTAGATTG"
"336","TGAGTTCTGTT-CCGCAACT"
"337","TGACACAAGGC-AATGACCC"
"338","GCAGTCGA-AGCAGAAC"
"339","GCTCTAGT-CTCGCGTA"
"340","ACCCTAACC-ACCTTCTT"
"341","TTATCTGT-TGGCCTGT"
"342","ATTCGTTCC-TTGATTCT"
"343","ATAGTGGAC-TGTGCTCA"
"344","CATCGCAG-GGCCCTTA"
"345","TCGAAGCT-GGTGACAC"
"346","GACCACATTA-AACCTGAC"
"347","TGACATACATT-CTCCGCAT"
"348","TGAAGGAGCTT-CGTCAGCA"
"349","GTACCTTG-TCATCCTT"
"350","GACGTCAGCA-ACGAAACG"
"351","GACGTACCTA-TCATCCTT"
"352","ACCCACGA-TGAGGTCT"
"353","TTAAGCGT-GGTGGGAT"
"354","GAGGTCCCTT-CTACTTGT"
"355","TGAAGGAGCTT-ACGGTAGC"
"356","GAATTGGGCC-GAACGATT"
"357","ATATGCAT-TCCAGTCC"
"358","TGAGGGAAATC-GTTCTGTT"
"359","AGGGTGTAT-TTCGCTGG"
"360","TGAATACCCAG-TAGTCTAG"
"361","GCTTTGGC-ATACTCTT"
"362","TGAGGTTTCTC-TAACTACT"
"363","AAAAGCCTA-CCTACTAG"
"364","TGAGAGGCTGA-CGAGATGT"
"365","GAGTTGTCAT-TCGAAGCT"
"366","GCAGCATG-GTAACGTT"
"367","TGAAAACTGGT-GACAGATA"
"368","TGACTCGATGC-CATCGCAG"
"369","TCCTTATT-CACTTTCT"
"370","ACCCTAACC-GTCTCTCT"
"371","GACCACATTA-GAGCGGTA"
"372","AGGCCTAAG-AAACAGGG"
"373","AGGGCCAAT-TGACCCTC"
"374","TGAGAGTTCAC-CCTGTTAT"
"375","GATAGTGTTT-TAGTGTTT"
"376","GACGCCTTGA-ATGGGCAC"
"377","GATGGAGGAG-TGGTATGA"
"378","GAGAAAGACC-TGTGGCTA"
"379","CCCATCTG-CACAACAG"
"380","AAAACCTCC-CTTCAGGT"
"381","TGACGAGTCTG-CCTGTTAT"
"382","TGACGAGTCTG-GGCTACTA"
"383","GAGAGAATTG-CGCTCTCA"
"384","GAACAGCGGA-TCCAGTCC"
"385","TTCCGCTC-AAACCTCC"
"386","GCTCTAGT-AGTTTAGA"
"387","TGAGGTCTGAC-CCCTTGGT"
"388","TGAATACCCAG-AACACACG"
"389","TACAGCCG-AACCCTTG"
"390","TGACACAACAG-TGGTTTCT"
"391","GACGGGCTTT-GGCCCTTA"
"392","TTTGTGTC-GCCACATC"
"393","GGATAAAG-CAATTAGT"
"394","GAGACAGATA-TTTGGGAG"
"395","GATGGAGGAG-TGCCATCG"
"396","AGAACGATT-GTGGATGG"
"397","GACCCTTCAG-CCCGAATG"
"398","AAATGACCC-ACCCACGA"
"399","GATCCCAATC-GAGTTTCG"
"400","TGACTCAGAAT-GCCACATC"
"401","GAATTGGGCC-CACTTTCT"
"402","AGGTCACAG-CCTCGTCT"
"403","TTGCATAT-CTCGATGC"
"404","GATCCGTCCA-CTTCTGGA"
"405","GCAGCATG-GTTTACGT"
"406","GACTTACTCC-GTCCATGT"
"407","TGAAGGTTGTG-TTAAACTG"
"408","TGAAGGTTGTG-ATTCAGTA"
"409","GTACCTTG-ATGGATTA"
"410","AAGCTATGA-CTCCGCAT"
"411","GAATTCCTTG-TAGAAATG"
"412","TGAGCAAGGAC-TGCTCCGT"
"413","GACAGTCCCT-ACCCATAT"
"414","TCGAAGCT-ACGAAACG"
"415","TGACCTCGTCT-TATTGCCT"
"416","TGACTACGAGC-CTTACTCC"
"417","GACGAGATGT-TTCGGCCT"
"418","ATTGGATCG-CCTGACAC"
"419","GACGCTAGTC-TGTGGCTA"
"420","GATGGGATTC-TGCGACAG"
"421","ACTCCGCAT-AGCTATGA"
"422","GAGAATACGC-ATCAGCGC"
"423","ATTCGTTCC-TTGATCTA"
"424","GTACCTTG-CAGGTGTC"
"425","GACAAGAGGG-ATGGATTA"
"426","TGACGAGTCTG-ACATCTAT"
"427","GCAGTCGA-GTTTACGT"
"428","TGAGACAACTT-CGTACCTA"
"429","TGACTAGTAAC-CTTCTGGA"
"430","TGACGTAGAAG-CTCCGCAT"
"431","GATCTGTGGT-CCCGACTT"
"432","CCAACCGT-CGTGGATA"
"433","GATGAAATGA-TGCGACAG"
"434","GACTTACTCC-ACTTCAAT"
"435","TCATATGG-CTCCGCAT"
"436","CTTCAGGT-TTGCACGC"
"437","AACTGAGTT-TGTCTTTC"
"438","ACGTATAC-TGCCATCG"
"439","AACGCAGAG-CCCGAATG"
"440","TTGGACTT-TTGATCTA"
"441","TGAAGAAGTTA-ATTGGGCC"
"442","GTGTAACC-TGTGGCTA"
"443","GATGACCCTC-CGGCACAT"
"444","GAGCGGTA-GATCGTTT"
"445","ACGTGCTAG-TGTCTTTC"
"446","TGACGGGTAGT-CAGTTTGC"
"447","TGAAGGAGCTT-TCGACGGT"
"448","GCTTACCT-GGAAACAG"
"449","GAGAATTCGT-GATTTACC"
"450","TTTGTGTC-CGCTCTCA"
"451","TGATCCCTGAT-CGTGGATA"
"452","AGTATGAGT-CAGTTTGC"
"453","GGTGGGAT-CGGCACAT"
"454","TGATCACCGAG-AGAAGTTA"
"455","GGCATGCT-TGTTCCAG"
"456","ATTCGTTCC-GGCTACTA"
"457","GACCCATAGC-AGGATTCA"
"458","GATGGTTTCT-TTGATTCT"
"459","TTAAGCGT-GATGTGAG"
"460","GATGACCCTC-CGGGCTTT"
"461","AGGTCACAG-GTGGATGG"
"462","TGAGGGAAATC-AATGTTTG"
"463","ATTCGTTCC-ATTCGACG"
"464","TGACACAGTTT-CACAAGGC"
"465","TGAGCCACATC-TAGTCTAG"
"466","CGACGTCA-ACACTAAG"
"467","TGATTAGTCCG-TGCCATCG"
"468","ACAGATTAC-GTTAACCA"
"469","CGTATTTC-CCCTAACC"
"470","ACTGAGTGC-AGCTACGG"
"471","TGAGCCGGATT-GACGATGG"
"472","TGACATACATT-TTGATCTA"
"473","ATCCGCTA-TTGGACTT"
"474","CGACGTCA-AAACCTCC"
"475","GACCTGACAC-TCTGCATC"
"476","GGATAAAG-TTGTTTAC"
"477","TGAATACCCAG-AGTTTAGA"
"478","GACATCTCCC-CGCTCTCA"
"479","AACTGAGTT-GAATTCGT"
"480","TGAATGACTTT-GCAAAGCC"
"481","TGATCCAGTCC-CACAACAG"
"482","GAGCGTTGCT-CCTACTAG"
"483","GACGCCTTGA-GGCGTTAG"
"484","TGATCGACGGT-TACGTGCT"
"485","TGAGTCCATGT-GGTGGGAT"
"486","GATGTGCTCA-AAACGCCT"
"487","TGCCTCAC-TTAGTCCG"
"488","GACCCGAATG-TCTGCATC"
"489","AAAGTAATC-CGTGGATA"
"490","AGTTTACGT-ATTTCCGG"
"491","ATCTGCATC-ATTCCTTG"
"492","GAGAAAGACC-CTGCGTTG"
"493","TGAATGCATGG-AAACTCGA"
"494","TGCCTCAC-TACTTGTG"
"495","TGAGTACACTC-ACGCCATT"
"496","ATTTGGGAG-TAACCCGT"
"497","GACCACATTA-GATCTCGG"
"498","GGCATGCT-TGTTTGAG"
"499","GTCTCTCT-CCAACCGT"
"500","TGACTGGTGCA-TGATGCCC"
"501","TGATCCCTGAT-GTTAACCA"
"502","TGATTCACATA-GTACACTC"
"503","TGACCATTACT-TAAGACGG"
"504","GGCATGCT-CAGTCCCT"
"505","ACTAGATTG-TAGCCTCG"
"506","TTGGACTT-GTACACTC"
"507","CAGTTTGC-TAGCCTCG"
"508","ACAGATTAC-CCAACCGT"
"509","TGAGGTTTCTC-TAGTGTTT"
"510","TGACGAGTCTG-CTAGACCC"
"511","ATGTGTCCT-TTGTTTAC"
"512","GGCCCTTA-ACGCTCAG"
"513","TGACTGTTCTT-CCTCGTCT"
"514","TGACTGTTCTT-CACGGACT"
"515","GATCCCAATC-TACCAGGC"
"516","AGTATGAGT-GGGAACGA"
"517","CCGCTGTT-AAAGTCGG"
"518","GATGTAAAGG-TGTTCCAG"
"519","GATTAGAC-GCGCATTC"
"520","ACCTTCTT-CGCTAATA"
"521","TGACAGACCAT-CCCATCTG"
"522","AAGCGCCTT-AGCGAAGT"
"523","TGAGTACACTC-CGGACAAC"
"524","GAACGCCATT-AGGATTCA"
"525","GATACAAACT-TGCAAGGG"
"526","AGCCAAGAT-AAACGCCT"
"527","TGGCTACC-TACAGCCG"
"528","TAACTACT-TAACCATC"
"529","AAGATGGCT-TAACTACT"
"530","GATGTGAG-GTTACCGC"
"531","AGATGTATT-GGGAGGTA"
"532","GATGACCCTC-CTGCGTTG"
"533","AACTGAGTT-CGAGTCTG"
"534","AAATCGGGT-AAACAGGG"
"535","GAACTGCCGT-TGACGGAC"
"536","GAGAGCCCAT-TCTGCATC"
"537","TGATCGACGGT-GCAGGGTA"
"538","GAACCACGCT-TAGCTTAT"
"539","CCCATCTG-GGCATGCT"
"540","AAAACTCGA-ACCACGCT"
"541","TGACTACCGTT-CTCGATGC"
"542","TGATACGTGCT-CCTGTTAT"
"543","ACAGGTGTC-CGTACCTA"
"544","AATGTTGGC-AGACACCA"
"545","TGAGCCACATC-AAATCGTT"
"546","TGAATACCCAG-CGAGTCTG"
"547","GAACGCCATT-TTGTTTAC"
"548","AAGATGGCT-GGCTACTA"
"549","TGAATTCGACG-ATGACTTT"
"550","AGAAGTGCC-CGAGTCTG"
"551","GAAGTTTAGA-CAAGAGGG"
"552","TAACTACT-AACAATCC"
"553","GACCTACTAG-GCAACCTG"
"554","CCCATCTG-ATTCGACG"
"555","GATGTGCTCA-GAGGCTGA"
"556","TGAATGCATGG-ATGACCGA"
"557","TGACTTCGCAC-GTTTGTTT"
"558","GTTACGAT-CAACGTGG"
"559","CGGCTTAC-CGTAGAAG"
"560","ACTAGATTG-TGCCTCAC"
"561","TAACTACT-GTCGTCGT"
"562","GCTCTAGT-CACTCCTC"
"563","TGAGAAGCACT-CGGACAAC"
"564","TGACACTTTCT-TAACCATC"
"565","GGCCCTTA-ATGAAGCA"
"566","AATATCTTC-ACAGCGGA"
"567","ATATGCAT-CTAGACCC"
"568","AGCAAAGCC-ATGTTGGC"
"569","GATACAAACT-GCGTTGCT"
"570","GAGGCGTTAG-ACTGAGTT"
"571","GATCTCAACC-CACAACAG"
"572","AGCTTTCCA-TACCGGCA"
"573","TGACCATTACT-ATGACCGA"
"574","GTCTCTCT-TAGTGGAC"
"575","ACTACTTGT-CCTATTCA"
"576","CGACGTCA-CTACCGTT"
"577","TGCTATTT-TGCCTCAC"
"578","GGATAAAG-TCTGCATC"
"579","GATGACCCTC-TGTGCTCA"
"580","CAGTTTGC-ATCTTTGT"
"581","AGGCAACG-CCTGACAC"
"582","CTATAGAG-CTAGTAAC"
"583","TGGCTACC-ACAGCGGA"
"584","GCTTTGGC-TGACCCTC"
"585","GAACTGCCGT-TGCAAGGG"
"586","AATTCAGTA-GGATAAAG"
"587","TGAAGGATTCA-GGAAACAG"
"588","GATTGATCTA-GTCGTCGT"
"589","TGATTAGTCCG-TTCACATA"
"590","AAGTGAAAG-GGGAGGTA"
"591","AGGGAAGGT-GAGTTCAC"
"592","AAAAGTCGG-TGCGTATC"
"593","AATTCAGTA-TGGCTACC"
"594","AGGTCACAG-AGGAAGAC"
"595","TGAGGAATAGA-GAGAGTAT"
"596","TAACTACT-AGTGAAAG"
"597","ATAGTCGCA-AGTTTAGA"
"598","TGATCGACACC-CACAACAG"
"599","AATGCGGAT-AGGCAACG"
"600","AGAGGTGG-CCAGCAGT"
"601","CGAACGTA-GGGAAGGT"
"602","GAAGGAAGAC-GTGTCGGA"
"603","TGAGAGTTCAC-TAAGACGG"
"604","AAGCGCCTT-CGTATCGG"
"605","GAGATTGCGA-GGGAGGTA"
"606","AGTGTCGGA-AAAGTCGG"
"607","AACGCAGAG-ATTCAGTA"
"608","GACGAGATGT-AGAGGTGG"
"609","TGCGACAG-GAAGGCTT"
"610","GAACAGCGGA-TCCCGTAG"
"611","ACAGATTAC-GTCCGTAC"
"612","TGAAGGTTGTG-CGTGCTAG"
"613","AAATGAATG-TTTGTGTC"
"614","TCCTTATT-CTACCGTT"
"615","AGTCAATAC-ACTAGGAT"
"616","AAGACACCA-TTCGGCCT"
"617","GAGATTGCGA-GCTTTCCA"
"618","GAGGCGTTAG-ACCTTGCC"
"619","CTTTAATC-AAACTCGA"
"620","ACTAGATTG-ATACCCAG"
"621","GACGAATAAT-TGCAAGGG"
"622","AGGTCACAG-AGCGCGAT"
"623","TCATCCTT-AGAACGGG"
"624","GACGCTAGTC-ATTCCTTG"
"625","TGAGTACACTC-GTGGATGG"
"626","TCCTTATT-TGGTATGA"
"627","GACGTCAGCA-ATGAAGCA"
"628","ACGGAATTT-ACTGCCGT"
"629","TCCAGGGA-ATCCCACG"
"630","AGCTTTCCA-CTTCTTCG"
"631","TGATGCCC-TCGAAGCT"
"632","TGATGTTTGAG-AAGGTAAT"
"633","ATCATGAGG-GTCAATAC"
"634","AATGCGGAT-ACCTTCTT"
"635","GAAGGAAGAC-TAGCCTCG"
"636","TGCGACAG-CGTGGATA"
"637","GACGACTCCT-AGCGTAGG"
"638","GACGCTAGTC-ATGACCGA"
"639","AATTCAGTA-TCGACACC"
"640","ACGGAATTT-GACGATGG"
"641","ATCGGTTCG-ACAGCGGA"
"642","GATCGGTTTA-GATTTACC"
"643","GATTGATCTA-TGTGGCTA"
"644","TGACACAGTTT-GGGTTGGT"
"645","GACCTGACAC-TGACGGAC"
"646","TGACGTATCGG-AGCGTAGG"
"647","AATTCAGTA-GTCAATAC"
"648","TTCGGCCT-TTTGTGTC"
"649","GACTTCTTCG-TTGAGGGT"
"650","ACCGTGTTT-AGAACGGG"
"651","TGACTTGGTGT-TTAGTCCG"
"652","AGTGGATGG-CCAACCGT"
"653","GGATAAAG-TAGTGGAC"
"654","TGAATTCGACG-CCACATTA"
"655","TGAGCAAGGAC-TCTGCATC"
"656","TGAGATTTACC-TGACGGAC"
"657","ATCCGCTA-CGTGGATA"
"658","AACTGAGTT-TGGGATTC"
"659","ACGTGGATA-GAAAGACC"
"660","AGGTCACAG-TTAGTCCG"
"661","AGATGTATT-GAGCCCAT"
"662","GAGCGTTGCT-CGTGCTAG"
"663","ATAGTCGCA-AGAACGGG"
"664","TTATAGCC-ATCAGCGC"
"665","AGGCAACG-GTGGAGCT"
"666","TGACTTCGCAC-GACAAAGG"
"667","ACGTGCTAG-TCTCACTT"
"668","GATGCCATCG-CTAGATTG"
"669","TGATCACCGAG-TGCGTATC"
"670","ATTGGATCG-CCCTTGGT"
"671","ACAGGTGTC-AGATGGCT"
"672","GAGATTGCGA-TTTGTGTC"
"673","TTTGTGTC-AGAGACTA"
"674","ACTTAGGTA-AACTTAGC"
"675","ATTCGTTCC-ATTCAGTA"
"676","TGGTATGA-CCTACTAG"
"677","GAGCGGTA-GAGAGTAT"
"678","ATCGGTTCG-AAGGTAAT"
"679","TGAAAACTGGT-CAACGTGG"
"680","AATATACCT-ACACTAAG"
"681","AACCTGAC-ATGTTGGC"
"682","GATGTGAG-TGAGGTCT"
"683","TGAGGCGGTTT-GTCGTCGT"
"684","TGAAGCGCGAT-GATTTACC"
"685","ACAGATTAC-TGTGTCCT"
"686","GATTGATCTA-TTTACCCT"
"687","GATACAAACT-TTTAACAG"
"688","GAGAAAGACC-GAGCGGTA"
"689","TGATCGACGGT-CGGGTAGT"
"690","TGATCCCGTAG-GTAATCCC"
"691","GACATTTGTT-TCGACGGT"
"692","AGCACCTCT-GGCTACTA"
"693","GAGGGAGGTA-CCATTTGA"
"694","TTAAGCGT-CACAAGGC"
"695","AAATCAGA-GTGTCGGA"
"696","TGAATGCATGG-TAACCATC"
"697","TGATCCCGTAG-AAGCGTAC"
"698","AAATCGGGT-TCCGTCCA"
"699","GATGTAAAGG-CGGACAAC"
"700","ATGCTCCGT-GCGTTGCT"
"701","ACTTAGGTA-GATTAGAC"
"702","AGGTGACAC-GATTGCGA"
"703","TGACTCGATGC-AGGAAGAC"
"704","TGAGTGGAGCT-GATGTATT"
"705","ATTGGATCG-CCACATTA"
"706","TGAAGAAGTTA-GGGAGGTA"
"707","CTTCGATT-GACAAAGG"
"708","ACGTGGATA-CATTTGTT"
"709","TGAAAACTGGT-ATGACCGA"
"710","GAGAAAGACC-CCTGTTAT"
"711","GCATGGGT-GCAAAGCC"
"712","GACGCTAGTC-GCCACATC"
"713","TGAGTAATCCC-ATGCGGAT"
"714","GAGATTGCGA-TAAATAGG"
"715","TGAGTAATCCC-ATATAGGA"
"716","GAGATCTCGG-CACAACAG"
"717","AGAAGTCC-CAAGTCAT"
"718","ACTCCGCAT-ATATAGGA"
"719","GCATGGGT-GGTTAGTG"
"720","TGATAGAAATG-GTGGAGCT"
"721","GAACAGCGGA-CTAGTAAC"
"722","TGCGACAG-CCACATTA"
"723","TGAAGGAGCTT-AGGAGCTT"
"724","AAGCGCCTT-GAAAGACC"
"725","TGAATGACTTT-ACGCAGAG"
"726","GATTTAACAG-AGCTATGA"
"727","TGACCTCGTCT-AGCACCAC"
"728","GACTTCTTCG-ACGAAACG"
"729","GACTAGACCC-AACCCTTG"
"730","GATCGGTACG-ACACTAAG"
"731","AATTCCCA-TAAATAGG-1"
"732","CTTCAGGT-TCTAGCAG"
"733","GACTTCTTCG-CTTACGGG"
"734","TTCGGCCT-ATCAGCGC"
"735","TTAAGCGT-CTTACGGG"
"736","AAAACGCCT-CAGGTGTC"
"737","ACCGCAACT-ACCTTGCC"
"738","GGAAACAG-ATGCGGAT"
"739","AGGTCACAG-CTCAGAAT"
"740","TAAATAGG-TCGAAGCT"
"741","TGAGCGCATTC-GGGAACGA"
"742","TGATTGCACGC-GTTACCGC"
"743","TTTGTGTC-CGAACGTA"
"744","ATTGTGACT-AAGGTAAT"
"745","TGAGAGGCTGA-GAAGTGCC"
"746","TGACGTATCGG-GGTTTCTC"
"747","TGAAGGAGCTT-TCCCGTAG"
"748","AGTCAAAGA-CTTAGGTA"
"749","AACGAAACG-TTTAACAG"
"750","GATAGTGTTT-GTTGTCAT"
"751","AGTGTCGGA-ATTGGGCC"
"752","GAGGACTTCC-AGTGAAAG"
"753","TACTTGTG-CTTACGGG"
"754","GAAAGATTGT-GCAAAGCC"
"755","ACTGCGTTG-TGCCATCG"
"756","TGCGTATC-TAAGACGG"
"757","GACCCGAATG-GTCAAAGA"
"758","GAGACAGATA-CGTACCTA"
"759","AGGTCACAG-TCTAGCAG"
"760","GATGAAATGA-TGTCTTTC"
"761","TGAGACAAAGG-GCGCATTC"
"762","GATTGATCTA-TACCAGGC"
"763","TTGCATAT-GGTCTGAC"
"764","ACTGAGTGC-GAAAGACC"
"765","GATACCAGGC-TTTGGGAG"
"766","GAAAGATTGT-CCACATTA"
"767","TGAGCGCATTC-CGCCTTGA"
"768","GAACTAGGAT-GCAGTCGA"
"769","TGAATATAGGA-CTTTAATC"
"770","TGAAGGAGCTT-ATGCATGG"
"771","TGAATGACCGA-CTAGTAAC"
"772","ATCTAGCAG-GTGTCGGA"
"773","GACCTATTCA-ATATCTTC"
"774","CTTCAGGT-GAGAGTAT"
"775","CATCGCAG-CAGACCAT"
"776","GAGAGAATTG-ACACTAAG"
"777","AAATCAGA-CATCGCAG"
"778","GTCTCTCT-TCCCGTAG"
"779","GAGAAAGACC-CTCGCGTA"
"780","TTAAGCGT-CAGGTGTC"
"781","GAAAGCGTAC-GAGAGTAT"
"782","ATGTGTCCT-GACGATGG"
"783","TGATAGAAATG-GCAAGGAC"
"784","ACGTGCTAG-CACAGTTT"
"785","ATCACGTTT-CCAGCAGT"
"786","GATGTACACG-GATGTATT"
"787","AGCACCTCT-GATGTGAG"
"788","CTTACGGG-GGAATAGA"
"789","ATTGATTCT-ACCCATAT"
"790","TGAACATCTAT-AGGCAACG"
"791","GAGATTGCGA-AGCAGAAC"
"792","AAGCTATGA-ATATCTTC"
"793","GACTCTTGAC-AGAGGTGG"
"794","AAAACCTCC-ATTCGACG"
"795","TGAATGCATGG-AGGATTCA"
"796","TGAGGTTTCTC-CTTACGGG"
"797","TGCTATTT-TTGAGGGT"
"798","CGGCACAT-ACAGCGGA"
"799","GAGAATACGC-TGTGGCTA"
"800","GACAATTAGT-ATCAGCGC"
"801","TTTGTGTC-GAGCGGTA"
"802","TGCCTCAC-CCCTTGGT"
"803","ATTTGGGAG-CCGCTGTT"
"804","CTTTAATC-ATTCGACG"
"805","CTATAGAG-TGCGTATC"
"806","GATCTCAACC-CCATTACT"
"807","AGTCAATAC-AGCGCGAT"
"808","GAAGGAAGAC-TGTCTTTC"
"809","TGACACTTTCT-AATGAATG"
"810","TGAATGAAGCA-GGTCACAG"
"811","TGAGGCTACTA-TAGAAATG"
"812","GATGAGGTCT-CGTGCTAG"
"813","AAGCTATGA-GTTTGTTT"
"814","CTTTAATC-CGTCAGCA"
"815","AACTCACCG-CGTCAGCA"
"816","AAGATGGCT-AGAAGTTA"
"817","TCATATGG-TTCCGAGT"
"818","ACCCTTGGT-ATCCCACG"
"819","TTAAGCGT-AGCGCGAT"
"820","AGTCAAAGA-TTTATCAC"
"821","TGCCTCAC-ACTGCCGT"
"822","CGAACGTA-TCCCTGAT"
"823","TGATGCCC-AGTGAAAG"
"824","GGAGAAGC-GTCTCTCT"
"825","ACTGCGTTG-ATTCCTTG"
"826","GATTGAGGGT-CGTCAGCA"
"827","TGAGGCGGTTT-GGTGGGAT"
"828","GGAAACAG-TAACCATC"
"829","AAGCTATGA-CACTCCTC"
"830","AGAAGTGCC-AGGAGCTT"
"831","GATGTACACG-ACGCCATT"
"832","TGAGTAATCCC-GGTTTCTC"
"833","CGGCACAT-TGAGGTCT"
"834","GGTGGGAT-GATTGCGA"
"835","TGACACAGTTT-GTGTCGGA"
"836","GGATAAAG-TGTGTCCT"
"837","TAGTCTAG-GATTGCGA"
"838","AAATGAATG-CCCATCTG"
"839","ATCCGCTA-GGTGGGAT"
"840","GATCTCACTT-AGAAGTTA"
"841","TGAGGTTTCTC-CGACTCCT"
"842","TGAATGCATGG-AGCAGAAC"
"843","GATGTAGTTT-ACCACGCT"
"844","TGACTCAGAAT-CCTCGTCT"
"845","TGAAGCGTAGG-AACCTGAC"
"846","TGACAAGTCAT-GTCCAAAG"
"847","AATTCCCA-GACAAAGG"
"848","ACGCTCTCA-AGCGCCTT"
"849","AAGCGCCTT-CTAGATTG"
"850","TGACTTGGTGT-GATGTGAG"
"851","AAAGTAATC-GTGTAACC"
"852","AGAGACTA-GTCCATGT"
"853","TGATTGCACGC-GTTGTCAT"
"854","ACCCTTGGT-ACGGTAGC"
"855","TGACTCAGAAT-GTCAATAC"
"856","CCCATCTG-GCGCATTC"
"857","TGAAAATGTCG-GGGAAGGT"
"858","GATCGGTACG-GGGTTGGT"
"859","TGAAGGAGCTT-CGCTAATA"
"860","TGATCGTCATG-GAATTCGT"
"861","GAGCGGTA-GGAGAAGC"
"862","GGAGAAGC-TTCACATA"
"863","AAGTGAAAG-ATGCGGAT"
"864","TGACCAGT-AGATGGCT"
"865","ATTGTGACT-TGAAATGA"
"866","TGACAGACCAT-CTAGACCC"
"867","TGAGAGTTCAC-GGCGTTAG"
"868","AAAACTCGA-TCATGAGG"
"869","TGCGACAG-GCCAAGAT"
"870","GATTAGAC-ACCTTCTT"
"871","GATGGAGGAG-AATGACCC"
"872","TGACAACAAAT-CGAACGTA"
"873","TGACTCGCGTA-TTGATCTA"
"874","TGAGGTTTCTC-TAGTGGAC-1"
"875","TGAATGAAGCA-GAGAGTAT"
"876","AGGTCACAG-ACGCAGAG"
"877","TGACGTATCGG-TGGCCTGT"
"878","TGAAGCGCGAT-AACCCTTG"
"879","GACCTATTCA-GGAATAGA"
"880","ATCCGCTA-GTTAACCA"
"881","AAGCGAAGT-AGCTATGA"
"882","TGCGTATC-TGTAGTTT"
"883","AGAAGTCC-ATTCCTTG"
"884","TGAATACCCAG-TGATAACA"
"885","AGAACGATT-CAATTAGT"
"886","CCCATCTG-TTCGCTGG"
"887","GATACAAACT-GCCACATC"
"888","GAGATTGCGA-CTGCGTTG"
"889","ACTACTTGT-AAATCAGA"
"890","TGATGATAACA-CGGCACAT"
"891","AGGGAACGA-TGGCCTGT"
"892","GAGAGAGTAT-GCCACATC"
"893","GATGTACACG-TAAGACGG"
"894","GTCTCTCT-ATGGGCAC"
"895","TGACATACATT-GAGTTTCG"
"896","AAATCAGA-AAACTCGA"
"897","TGGTATGA-ACTAGCCA"
"898","TGAAACAATCC-GCACCTCT"
"899","ATTCGTTCC-GCAACCTG"
"900","AGCAGAAC-GGTTAGTG"
"901","TGACAATACTT-CGTATTTC"
"902","ACCCTTGGT-AGAACGGG"
"903","AGTTTACGT-CTAGATTG"
"904","GAGAAGGCTT-ATCCCACG"
"905","ACGTGCTAG-AAGTAATC"
"906","ATCTTTGT-TCCAGTCC"
"907","GCAGCATG-CAGACCAT"
"908","TGAATGACCGA-ATGAAGCA"
"909","AAATCAGA-CTTAGGTA"
"910","CGGCACAT-ACCTTGCC"
"911","GATTAAACTG-CAACGTGG"
"912","TGACCAGCAGT-ATATCTTC"
"913","AAGACACCA-CTCGATGC"
"914","AATATACCT-GTGTCGGA"
"915","AAAAGCCTA-GATGTGAG"
"916","GACCTGACAC-GGCTACTA"
"917","CTTTAATC-AACCCTTG"
"918","AGGTTAGTG-TGGTTTCT"
"919","TGAAACACACG-ATACCCAG"
"920","ACCTTCTT-ACATCTAT"
"921","ATCTTTGT-GGGTTGGT"
"922","GAGTTAACCA-GCATGGGT"
"923","TGATCCCGTAG-TGGCTACC"
"924","ATGTGTCCT-GTTTGTTT"
"925","AACGAAACG-TCGACGGT"
"926","TGATCGTCATG-TCGGTTCG"
"927","TGAGGCGGTTT-CTTCGCAC"
"928","TAACTACT-GATTGCGA"
"929","AGAGGTGG-TCGTCATG"
"930","AACGAAACG-GAGTTCAC"
"931","GAGAGAGTAT-GACAACTT"
"932","ACCCGACTT-CTACTTGT"
"933","TGAGCCGGATT-GATGTGAG"
"934","CTTACGGG-TGGTTTCT"
"935","TGACAGACCAT-GTCATATT"
"936","CTTTCTTT-CAGTTTGC"
"937","AGGGTGTAT-TGACCCTC"
"938","TGCTATTT-AAATCAGA"
"939","TGATTCACATA-ATGTTGGC"
"940","AACGCAGAG-GTATGAGT"
"941","AATACTCTT-GGGTGTAT"
"942","ACGTGCTAG-ATGCATGG"
"943","GTGTAACC-GGTTAGTG"
"944","GGTGGGAT-GCACCTCT"
"945","ACCTTCTT-CATACATT"
"946","TGGCTACC-CGTGCTAG"
"947","ACCATTTGA-GAGGCTGA"
"948","GATACAAACT-TAAATAGG"
"949","TGAGTTCTGTT-TGTAAAGG"
"950","GGAGAAGC-TGAAATGA"
"951","AACTCACCG-ACTTCAAT"
"952","GATGAAATGA-GTCGTCGT"
"953","TGAGACAACTT-TTTACCCT"
"954","TGACAACAAAT-CTGCGTTG"
"955","TGACTGTTCTT-TTCCAGAC"
"956","AGGGTGTAT-TGCTCCGT"
"957","GAACAGCGGA-CTTTAATC"
"958","ACCGTGTTT-GTTACCGC"
"959","AGCAGAAC-GGCCTAAG"
"960","TGAGCAAGGAC-ACACTAAG"
"961","GATTTAACAG-CACTCCTC"
"962","GACACGGACT-CAGTTTGC"
"963","ATCTTTGT-TAGCCTCG"
"964","TGATGTTTGAG-TTCGTTCC"
"965","AGAGGTGG-GCCAAGAT"
"966","TGATTTACCCT-GTCAATAC"
"967","AGAGGTGG-GGCCCTTA"
"968","AACCCATAT-CGTCAGCA"
"969","GGAAACAG-CACGGACT"
"970","TGAGCAAGGAC-TCGTCATG"
"971","GATGACCCTC-ATCTTTGT"
"972","ACCTTGCC-CGATTGAT"
"973","TAACTACT-TCCCTGAT"
"974","GATGAGGTCT-TCATATGG"
"975","ACAGGTGTC-TCCGTCCA"
"976","AGGGTGTAT-AAGCTTCT"
"977","TGAGCGCATTC-GGCTACTA"
"978","TGAAACACACG-AGACACCA"
"979","CCGCTGTT-GAGTTTCG"
"980","TGAAACCCTTG-TCCCAATC"
"981","TGAAGCGTAGG-TACCAGGC"
"982","ACGTATAC-TTGAGGGT"
"983","TGAAACAATCC-AGAAGTCC"
"984","TGACTGTTCTT-CCATTTGA"
"985","TGAAACCCTTG-AATCGGGT"
"986","GAGCGTTGCT-ATGACCGA"
"987","TGAACTAGCCA-GTTTACGT"
"988","ACCTTGCC-ATACCCAG"
"989","TTAAGCGT-GACGATGG"
"990","AGCCAAGAT-GATTAGAC"
"991","TGACACTTTCT-GTCATATT"
"992","TGATGCCC-CGCCTTGA"
"993","AATGTTGGC-TACCAGGC"
"994","TGAACTAGCCA-TGACGGAC"
"995","ATAGTGGAC-AATGACCC"
"996","AAATCAGA-GATCTCGG"
"997","GGGTTGGT-AAGGTAAT"
"998","TGATACGTGCT-CTAGTAAC"
"999","GAATCAAGTG-CGATTGAT"
"1000","ATCTAGCAG-GCATGGGT"
"1001","GTTGCACG-ATTTCCGG"
"1002","TGAGACAAAGG-TAGAAATG"
"1003","ACGTGCTAG-CACTCCTC"
"1004","ATCTTTGT-TCCGTCCA"
"1005","GACGATTGAT-CTTAGGTA"
"1006","GACGCTAGTC-GACGATGG"
"1007","AGAAGTGCC-CTTCTTCG"
"1008","TGAAAACAGGG-CGAGATGT"
"1009","TGAACTAGCCA-TATTGCCT"
"1010","AATGTTGGC-CTTCGATT"
"1011","GAATCAAGTG-TCATGAGG"
"1012","ATATGCAT-TCTGTGGT"
"1013","GAGCGGTA-TGTGGCTA"
"1014","GATTCCGAGT-GGGAAGGT"
"1015","GAGAATTCGT-GGACTTCC"
"1016","GAGTTGTCAT-AAGCTTCT"
"1017","TGAATGAAGCA-CGTCAGCA"
"1018","GAGAAGGCTT-ACCCACGA"
"1019","TGATTGCACGC-AGTGAAAG"
"1020","TAGCTTAT-CTTACGGG"
"1021","TGATTGTTTAC-TGCCTCAC"
"1022","AAAACCTCC-GGCCTAAG"
"1023","GATGTACACG-TGTGCTCA"
"1024","GTTACGAT-AAACTGGT"
"1025","AAGAACGGG-CTCGCGTA"
"1026","GATAACCATC-GTACACTC"
"1027","GGCCCTTA-CGTGCTAG"
"1028","GAGGACTTCC-CAATTAGT"
"1029","TGATCGACACC-TGCCTCAC"
"1030","ATTTATCAC-GTACACTC"
"1031","ACTGCGTTG-GGTCACAG"
"1032","TGAGAGTTCAC-GAATTCGT"
"1033","GATGAGGTCT-GTAACGTT"
"1034","GAGCGTTGCT-GTCCAAAG"
"1035","ATTCGTTCC-CTTCTGGA"
"1036","TGACAACAAAT-GCAAGGAC"
"1037","GCTCTAGT-GTTAACCA"
"1038","AGCCTCTTT-ACCCATAT"
"1039","TCCTTATT-AGCGAAGT"
"1040","TGACCTCGTCT-TTATAGCC"
"1041","GATTTAACAG-ATATCTTC"
"1042","CCCATCTG-CGGACAAC"
"1043","GAGTTAACCA-TTGGACTT"
"1044","CCAACCGT-CGTGGATA-1"
"1045","TGACACAACAG-CGGGCTTT"
"1046","GACCACATTA-ACCTTGCC"
"1047","CCAACCGT-CTACTTGT"
"1048","GAAGTGATGC-AAACGCCT"
"1049","TGAGCCACATC-ACGCCATT"
"1050","AATATACCT-ACCTTGCC"
"1051","GACCTATTCA-TCCCTGAT"
"1052","GATTTAACAG-CTTCTGGA"
"1053","GAAGTTTAGA-GCGTTGCT"
"1054","CTTTCTTT-GTAATCCC"
"1055","TGCGTATC-CTTCTTCG"
"1056","TGACCATTACT-AATGAATG"
"1057","AAGACACCA-CCGCAACT"
"1058","GATGAAATGA-AAATCGTT"
"1059","AAAACCTCC-TTGTTTAC"
"1060","GTGTAACC-GTTACGAT"
"1061","AGCACCAC-GTCCATGT"
"1062","TGATAACCCGT-AGCTATGA"
"1063","GAGAAAGACC-TCCCGTAG"
"1064","AATATCTTC-GTTGCACG"
"1065","TGATGTCTTTC-ATGCATGG"
"1066","GGCCCTTA-CTAGATTG"
"1067","GAACGCCATT-AAACCTCC"
"1068","TGATTGCACGC-AAACCTCC"
"1069","GACACGGACT-CCCGAATG"
"1070","ATGCTCCGT-ATCTTTGT"
"1071","AACCTGAC-TTAAGCGT"
"1072","TGACCTCGTCT-TTTGTGTC"
"1073","GCAGCATG-CCTATTCA"
"1074","TCCTTATT-CGGGCTTT"
"1075","GAAGTTTAGA-GAATACGC"
"1076","TGATGCCC-GGGCCAAT"
"1077","GGTGGGAT-TAGTGGAC"
"1078","ATCGGTTCG-TGCAAGGG"
"1079","TGAATGACCGA-CCCTAACC"
"1080","GAGAATTCGT-ACGCAGAG"
"1081","GACCTATTCA-GTTACCGC"
"1082","GCTCTAGT-CCCATAGC"
"1083","GACAAGAGGG-TCTGCATC"
"1084","GACTGTCTGG-GAGGCTGA"
"1085","ACACTCCTC-ATATGCAT"
"1086","TGACCTGTTAT-AGCGTAGG"
"1087","AAAACGCCT-ACACTAAG"
"1088","ATAGTCGCA-GAAAGACC"
"1089","GACCTATTCA-TACAGCCG"
"1090","GTAACGTT-AAGTAATC"
"1091","TGAGGCTACTA-TACCGGCA"
"1092","ACTTCAAT-GGCCTAAG"
"1093","GACGGGCTTT-GTGTAACC"
"1094","TGATCGACGGT-GAATACGC"
"1095","AATATCTTC-GTTACCGC"
"1096","ATCTTTGT-CGACGTCA"
"1097","TTCCGCTC-AGGTTGTG"
"1098","TGACCAGT-GAATTCGT"
"1099","AGCACCAC-GAAGGCTT"
"1100","GTCTCTCT-GCAGGGTA"
"1101","CGGCTTAC-ATGGATTA"
"1102","GACGCTAGTC-GGCGGTTT"
"1103","GACCCGAATG-TACAGCCG"
"1104","AGTCAATAC-TTGTGACT"
"1105","TGATCCAGTCC-GTTACGAT"
"1106","GAACGCCATT-AAAGCCTA"
"1107","TTATAGCC-GTTACCGC"
"1108","TTATAGCC-TCCAGTCC"
"1109","ACTTAGGTA-CTCCGCAT"
"1110","TGAGGCGGTTT-CGTGCTAG"
"1111","GACCTACTAG-GTCATATT"
"1112","GAAGGCAGTT-TGACCCTC"
"1113","GACCCTTCAG-GCCACATC"
"1114","GAGCGGTA-GATCGTTT-1"
"1115","GATCTCAACC-GGGAACGA"
"1116","GACCACATTA-CACTCCTC"
"1117","TGCTATTT-TTGTCGCC"
"1118","GATCTGTGGT-TTTATCAC"
"1119","ACGTATAC-CGTGCTAG"
"1120","GACGAATAAT-GAAGCACT"
"1121","TGACTACCGTT-GGCTACTA"
"1122","AACTTAGC-CTTGGTGT"
"1123","TGAATGAAGCA-CACGGACT"
"1124","TTAAGCGT-GTATGAGT"
"1125","AACCCATAT-CTTCTTCG"
"1126","TGAGCGCATTC-CTAGACCC"
"1127","TGACTCGATGC-ATGGATTA"
"1128","TGATCGACGGT-ATACCCAG"
"1129","GAAGTTTAGA-TCCTTATT"
"1130","TCATATGG-CTCCGCAT-1"
"1131","TGACCTGTTAT-AATGACCC"
"1132","GATGAGGTCT-GTACACTC"
"1133","ACGCTCTCA-CCCTTGGT"
"1134","TCATCCTT-TGCAAGGG"
"1135","AGGGTGTAT-CCTGTTAT"
"1136","GAACAGCGGA-TGACCCTC"
"1137","GACCCTTCAG-CAATTAGT"
"1138","AATACTCTT-TCTGTGGT"
"1139","GATGGTTTCT-TGAGGTCT"
"1140","GACCACATTA-AGCTATGA"
"1141","TGATTGTTTAC-TTGTCGCC"
"1142","AGGGTGTAT-ATATACCT"
"1143","GAACACTAAG-CTCAGAAT"
"1144","GAGTTAACCA-AGTGAAAG"
"1145","TGAGATTTACC-ACGCTCAG"
"1146","GTTTGTTT-AGCACCAC"
"1147","TGAGTTCTGTT-TCCGTCCA"
"1148","TCCTTATT-CCCGAATG"
"1149","AGGGAAGGT-CTGAGTGC"
"1150","GAAAGATTGT-CCCGACTT"
"1151","TAGTCTAG-CTCAGAAT"
"1152","ATCACGTTT-CTGTCTGG"
"1153","GAGGACTTCC-CTCCGCAT"
"1154","GACCTGACAC-TAAGACGG"
"1155","GATGTAGTTT-TTAAACTG"
"1156","TGACCAGT-CGTACCTA"
"1157","GAACTGCCGT-TGTCTTTC"
"1158","TGATTGCACGC-TGTTTGAG"
"1159","GACGAGATGT-CATCTCCC"
"1160","GCTTTGGC-TTCCGAGT"
"1161","ATCAGCGC-TTCCGAGT"
"1162","TTGCATAT-TAACCCGT"
"1163","CGCTAATA-GTCCATGT"
"1164","TGAGGGAAATC-CAATACTT"
"1165","GAACCACGCT-CTGCGTTG"
"1166","AAATGACCC-CCAACCGT"
"1167","TGATGCCC-TGATAACA"
"1168","AGCACCAC-CTCGATGC"
"1169","TGACAAGTCAT-CACTCCTC"
"1170","GACCCATAGC-CTCGCGTA"
"1171","AGTGGATGG-TCCAGTCC"
"1172","GATAACCATC-GCCAAGAT"
"1173","ACCCTAACC-AGTGAAAG"
"1174","GAACAGCGGA-TCCAGTCC-1"
"1175","TAGCTTAT-CCGCTGTT"
"1176","GATCCCAATC-TCCCAATC"
"1177","GAAGTGATGC-TAAGACGG"
"1178","TGACCTGTTAT-GGCTACTA"
"1179","GTGTAACC-ACCCATAT"
"1180","ATTTGGGAG-CGCCTTGA"
"1181","GACCTATTCA-AGGTTGTG"
"1182","GGAAACAG-CCTATTCA"
"1183","ATTAGGACC-GCCACATC"
"1184","TGACTTGGTGT-CGAGTCTG"
"1185","AATGTTTG-GAAGCACT"
"1186","AGGGTGTAT-GTAATCCC"
"1187","TGACCTCGTCT-TGGAGGAG"
"1188","ACGGAATTT-TAGCCTCG"
"1189","GATAACCATC-TGTGGCTA"
"1190","GAAGGCAGTT-AAATCAGA"
"1191","TGATCGACACC-AACTTAGC"
"1192","GTGTAACC-GCCACATC"
"1193","TGACCATTACT-TAGCCTCG"
"1194","TGAAGCGTAGG-ACCACGCT"
"1195","GATGACCCTC-TAGTCTAG"
"1196","GAGGTCCCTT-GCAAGGAC"
"1197","TGAGACAACTT-CAATACTT"
"1198","GATGACCCTC-TAACCCGT"
"1199","TGAAACCCTTG-TTGAGGGT"
"1200","GATGGTTTCT-CACAACAG"
"1201","TGATCGTCATG-ATGTTGGC"
"1202","GCAGCATG-TAGTCTAG"
"1203","GACGAATAAT-GGTCTGAC"
"1204","TTATAGCC-ACACTAAG"
"1205","GAGAAAGACC-AGCACCAC"
"1206","ATCCGCTA-TTGGACTT-1"
"1207","TTATAGCC-GTGTCGGA"
"1208","TGCTATTT-AGGCAACG"
"1209","GAAAGCGTAC-GCTTTGGC"
"1210","GAAGTGATGC-AAGTAATC"
"1211","GACGAATAAT-TCCCTGAT"
"1212","GAGAGAGTAT-GTGGATGG"
"1213","ACTCCGCAT-CCATTTGA"
"1214","ATCAGCGC-AAGCGTAC"
"1215","TGATCGACGGT-CGAGTCTG"
"1216","TGAAACCCTTG-CTGCGTTG"
"1217","GACGTACCTA-TACCAGGC"
"1218","GATCTCACTT-ATATAGGA"
"1219","AAAGGTAAT-CTCCGCAT"
"1220","ATCTAGCAG-AGCGCCTT"
"1221","TGATTTACCCT-ACGGTAGC"
"1222","TGAGTTCTGTT-CACGGACT"
"1223","ACCCTAACC-ACGCCATT"
"1224","TGATTTACCCT-GAAGGCTT"
"1225","TGATCCAGTCC-CATCTCCC"
"1226","ATGCTCCGT-TTGTTTAC"
"1227","GACTTACTCC-CAGATTAC"
"1228","GAAAGCGTAC-TAGCTTAT"
"1229","GATCCGTCCA-ATATCTTC"
"1230","AATTCAGTA-CTTTCTTT"
"1231","CCGCTGTT-TAGCTTAT"
"1232","GATTAGAC-GCCACATC"
"1233","TGATCCAGTCC-CCCAAGCA"
"1234","AAAACGCCT-AAACCTCC"
"1235","TGAGGCTACTA-TGAAATGA"
"1236","AAAAGCCTA-TGACCCTC"
"1237","GAACTGCCGT-CACTTTCT"
"1238","ACCATTTGA-TAGTGGAC"
"1239","AATGTTGGC-CTTACTCC"
"1240","TGAGAGTTCAC-ACGGTAGC"
"1241","TGACTACCGTT-TTGGATCG"
"1242","TGACGTAGAAG-ACTCACCG"
"1243","ATTTGGGAG-CATACATT"
"1244","GGCCCTTA-CCGCTGTT"
"1245","TGAGACAACTT-CACAAGGC"
"1246","CAGTTTGC-ACGCCATT"
"1247","GTCTCTCT-CGTAGAAG"
"1248","ATGTGTCCT-TGGCCTGT"
"1249","AGCAACCTG-TCTGCATC"
"1250","GAGGGAACCT-CATCGCAG"
"1251","TGAAGGAGCTT-AAGTAATC"
"1252","AAGACACCA-CTCTTGAC"
"1253","TGACCAGT-GCCGGATT"
"1254","TGAATGACCGA-CGAGTCTG"
"1255","TGACTAGTAAC-CCCTTGGT"
"1256","TGCTATTT-CACTCCTC"
"1257","AGATGTATT-AAGCTTCT"
"1258","TTAAGCGT-CGGACAAC"
"1259","ACAACGTGG-TTCGGCCT"
"1260","AACTGAGTT-TAGCTTAT"
"1261","TGACACAACAG-AAACTCGA"
"1262","AGGTTAGTG-CAATTAGT"
"1263","ACTTCAAT-CAGATTAC"
"1264","GATGGGATTC-GCATGGGT"
"1265","GAGAGCCCAT-TAGAAATG"
"1266","ACCTTGCC-AACTTAGC"
"1267","ACGTATAC-GTCCGTAC"
"1268","GACAATTAGT-AGGCAACG"
"1269","TGAATGCATGG-TCTAGCAG"
"1270","ACCGCAACT-TTGGATCG"
"1271","TGACATACATT-ACTTCAAT"
"1272","GAGTTAACCA-TATTGCCT"
"1273","GATCTCACTT-CGAACGTA"
"1274","AGTTACCGC-CTACCGTT"
"1275","GACTTACTCC-TAGAAATG"
"1276","TAGCCTCG-GGCTACTA"
"1277","GACGGGCTTT-TATTGCCT"
"1278","GAGATCTCGG-GTCTCTCT"
"1279","GCTTACCT-ATGTTGGC"
"1280","TGACACAGTTT-TTGTCGCC"
"1281","GACGACTCCT-CGCTAATA"
"1282","TGATGCCC-TTGCACGC"
